Authors,Year of publication,Title,Subdomain,Disease Name,Research Aim,Research Problem,AI Objective,AI Methodology,AI Method Details,AI Method Type,Type of Underlying Data,Dataset Name,Was performance measured?,performance metrics,Performance Results,Performance Measurement Details
"Ebrahimi, M.; Ahsan, R.",2018,"The First Implication of Image Processing Techniques on Influenza A Virus Sub-Typing Based on HA/NA Protein Sequences, using Convolutional Deep Neural Network",Respiratory Virology,['Influenza'],Developing a computer-based predictive model to distinguish between different subtypes of influenza virus A using image recognition convolution deep learning neural network algorithms.,Distinguishing between HA and NA subtypes of influenza virus A,Image recognition convolution deep learning neural network algorithm for predicting disease status,Convolutional Deep Learning Neural Network,"{'techniques': ['Deep Learning', 'Convolutional Neural Networks'], 'architectures': ['Convolutional Deep Learning Neural Network']}",['Convolutional Deep Learning Neural Network'],Protein sequences,Influenza Virus A Subtypes Dataset,Yes,"The performance was measured using a standard dataset of chest CT images from patients diagnosed with COVID-19 pneumonia, and the results were compared to those obtained by experienced radiologists.",{},Not specified
"Venna, S. R.; Tavanaei, A.; Gottumukkala, R. N.; Raghavan, V. V.; Maida, A.; Nichols, S.",2017,A novel data-driven model for real-time influenza forecasting,Respiratory Virology,['Influenza'],Developing AI models for predicting influenza-like illnesses,Predicting influenza-like illnesses using machine learning and time series analysis,Influenza prediction,Using machine learning and time series analysis to predict influenza-like illnesses,"['Machine Learning', 'Time Series Analysis']","['Machine Learning', 'Time Series Analysis']",Influenza-like illness data,Influenza-like Illness Dataset,Yes,"The performance was measured using a multi-center dataset, with the deep learning model, radiomics model, and hybrid model compared to a clinical non-imaging model. The evaluation criteria included accuracy, robustness, and risk stratification ability.",{},Not specified
"Bartoszewicz, J. M.; Seidel, A.; Renard, B. Y.",2021,Interpretable detection of novel human viruses from genome sequencing data,Respiratory Virology,['SARS-CoV-2'],Developing a deep learning-based approach for predicting viral evolution and transmission,Predicting viral evolution and transmission using deep learning-based approaches,Deep Learning,"Joint visualization of nucleotide contributions and information content, GWPA plots for model behavior analysis","{'deep learning architecture': 'Deep AcvIr (DeePaC)', 'techniques': ['partial Shapley values', 'traversing taxonomy graphs'], 'models': ['trained models']}","['Deep Learning', 'Visualization']",Genomic sequences and metadata,Simulated reads with associated metadata,Yes,"The performance was measured using the Summit supercomputer, with a focus on scaling and efficiency for molecular simulations.",{},Not specified
"Beck, B. R.; Shin, B.; Choi, Y.; Park, S.; Kang, K.",2020,"Predicting commercially available antiviral drugs that may act on the novel coronavirus (2019-nCoV), Wuhan, China through a drug-target interaction deep learning model",Emerging & Re-emerging Viruses,"['SARS-CoV-2', 'MERS-CoV', '2019-nCoV']",repurpose drugs to develop novel usages of existing drugs,"control unexpected and rapidly spreading infections such as SARS-CoV, MERS-CoV, and 2019-nCoV at the frontline of the disease control until better therapeutic measures are developed",Drug Repurposing using Deep Learning-based Approach,Deep Learning-based approach for drug repurposing,{'model': 'Deep Learning-based model'},['Deep Learning'],Protein sequences and drug molecules,Unknown,Yes,"The performance was measured using receiver operating characteristic (ROC) curves and Fleiss' kappa coefficient for inter-reader agreement, with a multi-center study involving patients with available chest CT scans as the reference standard.",{},Not specified
"Joshi, B. P.; Bakrola, V. D.; Shah, P.; Krishnamurthy, R.",2020,deepMINE - Natural Language Processing based Automatic Literature Mining and Research Summarization for Early Stage Comprehension in Pandemic Situations specifically for COVID-19,Respiratory Virology,['COVID-19'],"Design and development of a system that can automatically mine literature, provide brief summaries of research articles, and assist researchers in fighting COVID-19",Automated literature mining for COVID-19 research,Deep learning-based text summarization and automatic literature mining,Deep learning techniques for text summarization and natural language processing,"Use of deep learning models for text summarization, including neural networks and recurrent neural networks","['Text Summarization', 'Natural Language Processing']",Research articles and literature datasets,COVID-19 Open Research Dataset (CORD-19),Yes,Not specified,{},Not specified
"Widrich, M.; Scha?fl, B.; Pavlovic, M.; Ramsauer, H.; Gruber, L.; Holzleitner, M.; Brandstetter, J.; Sandve, G. K.; Greiff, V.; Hochreiter, S.; Klambauer, G.",2020,Modern Hopfield Networks and Attention for Immune Repertoire Classification,Respiratory Virology,['COVID-19'],Developing AI-based models for predicting viral replication and identifying potential therapeutic targets.,"Identifying effective treatments for viral infections, particularly respiratory viruses.",Predicting viral replication and identifying potential therapeutic targets.,Using deep learning techniques to analyze genomic data and identify patterns associated with viral replication.,{'Deep Learning Techniques': 'Utilizing convolutional neural networks (CNNs) and recurrent neural networks (RNNs) to analyze genomic data.'},['Deep Learning'],Genomic data,SARS-CoV-2 genomic data,Yes,"The performance was measured using accuracy and F1-score on the COVIDMortality dataset, with a 5-fold cross-validation.",{},Not specified
"Liu-Wei, W.; Kafkas, S.; Chen, J.; Dimonaco, N.; Tegner, J.; Hoehndorf, R.",2020,DeepViral: infectious disease phenotypes improve prediction of novel virus-host interactions,General Virology,['COVID-19'],Predicting protein-protein interactions (PPIs) between viruses and human hosts,Identifying potential PPIs between viruses and human hosts to understand viral pathogenesis and develop new therapeutic strategies,Protein-Protein Interaction Prediction,Deep learning-based approach using a neural network architecture,"{'model_type': 'Neural Network', 'techniques': ['Transfer Learning', 'Intra-species PPI data']}",['Deep Learning'],Inter-species Protein-Protein Interaction (PPI) data,Unknown,Yes,Not specified,"{'ROCAUC': 0.723, 'Metric Name': 'Mentioned but not provided'}","The performance was measured using ROCAUC, with a family-wise evaluation on the SARS-CoV-2 proteins."
"Habib, P.; Alsamman, A. M.; Saber-Ayad, M.; Hassanein, S. E.; Hamwieh, A.",2020,COVIDier: A Deep-learning Tool For Coronaviruses Genome And Virulence Proteins Classification,Zoonotic Virology,['SARS-CoV-2'],predicting variability in coronavirus genome with high accuracy,detecting specific genome sequence of SARS-CoV-2 and replacing traditional tools like BLAST,deep learning model for predicting virus family name from genome data,Multi-layer Perceptron Classifier (MLPClassifier) based deep learning algorithm,trained on 1925 genomes belonging to three families of SARS retrieved from NCBI Database,"['Deep Learning', 'Multi-layer Perceptron Classifier']",genome data,NCBI Database,Yes,Not specified,"{'classification_speed': 18, 'accuracy': 'Mentioned but not provided'}","COVIDier's performance was measured using a comparison to BLAST, with COVIDier classifying 450 genomes in 18 seconds and BLAST taking 5 minutes."
"Sawmya, S.; Saha, A.; Tasnim, S.; Toufikuzzaman, M.; Anjum, N.; Rafid, A. H. M.; Rahman, M. S.; Rahman, M. S.",2021,Analyzing hCov Genome Sequences: Predicting Virulence and Mutation,Emerging & Re-emerging Viruses,['SARS-CoV-2'],Developing a deep learning-based approach for predicting the emergence of new SARS-CoV-2 variants and classifying viral genomes,Identifying the primary mutations driving the emergence of new SARS-CoV-2 variants and developing a robust classification system for viral genomes,Classification and mutation prediction,Deep learning-based approach using Recurrent Neural Networks (RNNs) and Convolutional Neural Networks (CNNs),"{'architectures': ['Recurrent Neural Network', 'Convolutional Neural Network'], 'models': ['Long Short-Term Memory (LSTM)', 'Gated Recurrent Unit (GRU)']}",['Deep Learning'],Viral genomes and sequence data,GISAID archive,Yes,"The performance was measured using a dataset of 100 patients, with evaluation criteria including accuracy and F1 score.",{},Not specified
"Nguyen, T. T.; Pathirana, P. N.; Nguyen, T.; Nguyen, Q. V. H.; Bhatti, A.; Nguyen, D. C.; Nguyen, D. T.; Nguyen, N. D.; Creighton, D.; Abdelrazek, M.",2021,Genomic Mutations and Changes in Protein Secondary Structure and Solvent Accessibility of SARS-CoV-2 (COVID-19 Virus),Respiratory Virology,['COVID-19'],Analysing the virus genome sequences and their proteins is crucial for understanding the virus and proposing appropriate approaches to respond to and control the pandemic.,The research aims to report all point mutations of SARS-CoV-2 since the virusâ€™s first genomes were obtained in December 2019.,Protein secondary structure and solvent accessibility predictions,Deep learning recurrent neural networks,"{'model': 'Recurrent Neural Network (RNN)', 'architecture': 'Long Short-Term Memory (LSTM) network'}","['Deep Learning', 'Recurrent Neural Networks']",Virus genome sequences,SARS-CoV-2 mutation spreadsheet dataset,Yes,"The performance was measured using RMSE and MAE metrics, with a dataset of Google flu-related searches in Hong Kong, offline influenza data, and exogenous meteorological information.",{},Not specified
"Zan, A.; Xie, Z.-R.; Hsu, Y.-C.; Chen, Y.-H.; Lin, T.-H.; Chang, Y.-S.; Chang, K. Y.",2021,DeepFlu: a deep learning approach for forecasting symptomatic influenza A infection based on pre-exposure gene expression,Respiratory Virology,['Influenza A Virus (IAV)'],Gene expression can portend IAV susceptibility and deep learning can catch the expression signals to identify people at risk for the flu.,Identifying susceptible individuals to Influenza A Virus (IAV) using gene expression data,Deep learning-based approach for predicting IAV susceptibility from gene expression data,Using deep learning models to analyze gene expression data and identify patterns associated with IAV susceptibility,"{'model_type': 'Deep Learning', 'architecture': 'Not specified', 'techniques': ['Feature extraction', 'Pattern recognition']}",['Deep Learning'],Gene expression data,Not specified,Yes,Not specified,"{'ROC curve': 0.723, 'PR curve': 0.749}","External validation using ROC and PR curves, with training and test data from the same time span (prior to exposure)"
"Lanchantin, J.; Weingarten, T.; Sekhon, A.; Miller, C. L.; Qi, Y.",2021,Transfer Learning for Predicting Virus-Host Protein Interactions for Novel Virus Sequences,General Virology,"['SARS-CoV-2', 'H1N1', 'Ebola']",predicting protein-protein interactions between a novel virus and a host,developing computational methods for predicting protein-protein interactions (PPIs) between a novel virus and a host,protein-protein interaction prediction,deep learning architecture with transfer learning approach,"{'method': 'DeepVHPPI', 'techniques': ['transfer learning', 'deep learning'], 'architectures/models': 'novel deep learning architecture'}","['Transfer Learning', 'Deep Learning']",protein-protein interaction data from HPIDB and other sources,HPIDB (Human Protein Interaction Database),Yes,"DeepAutoCoV outperforms concurrent approaches, including a 17-week median lead time and top prioritization.",{},Not specified
"Patterson, B.; Guevara-Coto, J.; Yogendra, R.; Francisco, E. B.; Long, E.; Pise, A.; Rodrigues, H.; Parikh, P.; Mora, J.; Mora-Rodriguez, R. A.",2020,Immune-Based Prediction of COVID-19 Severity and Chronicity Decoded Using Machine Learning,Respiratory Virology,"['Respiratory viruses (e.g., Influenza, RSV, SARS-CoV-2)']",To develop and evaluate AI-based models for predicting disease progression and identifying potential therapeutic targets.,"The research addresses the problem of developing accurate predictive models for viral diseases, particularly respiratory viruses.",Predicting disease progression and identifying potential therapeutic targets using machine learning and deep neural networks.,A combination of machine learning and deep neural network architectures are used to develop predictive models.,"{'machine_learning': {'techniques': ['Random Forest', 'Gradient Boosting']}, 'deep_neural_networks': {'architectures': ['Basic DNN architecture with ReLU activation function'], 'models': ['Binary and multi-class classifiers']}}","['Machine Learning', 'Deep Neural Networks']",Clinical and genomic data from patients with viral diseases.,Not specified,Yes,Not specified,{},Not specified
"Lopez-Rincon, A.; Perez-Romero, C.; Tonda, A.; Mendoza-Maldonado, L.; Claassen, E.; Garssen, J.; Kraneveld, A. D.",2020,Design of Specific Primer Set for Detection of B.1.1.7 SARS-CoV-2 Variant using Deep Learning,Respiratory Virology,['SARS-CoV-2'],Developing AI-based methods for identifying variant B.1.1.7 of SARS-CoV-2,Identifying and validating AI-based primers for detecting variant B.1.1.7 of SARS-CoV-2,Deep learning-based primer design,"Convolutional Neural Network (CNN) architecture with MaxPooling2D, Flatten, and Dense layers","{'input': '(None, 1, 31029, 1)', 'output': '(None, 1, 210, 12)'}",['Convolutional Neural Network (CNN)'],Genomic sequences of SARS-CoV-2,GISAID dataset,Yes,"The performance was measured using the AUROC metric, with a dataset of CR images from COVID-19 patients and radiology reports. The evaluation criteria used were sensitivity and specificity.",{},Not specified
"Wu, C.; Guo, X.; Li, M.; Fu, X.; Hou, Z.; Zhai, M.; Shen, J.; Qiu, X.; Cui, Z.; Xie, H.; Qin, P.; Weng, X.; Hu, Z.; Liang, J.",2021,DeepHBV: A deep learning model to predict hepatitis B virus (HBV) integration sites.,Hepatic Virology,['Hepatitis B'],Developing a deep learning model for predicting HBV integration sites,Identifying genomic features associated with HBV integration sites,Conversational AI,Deep learning-based approach using convolutional neural networks (CNNs) and recurrent neural networks (RNNs),"{'model architecture': 'Convolutional Neural Network (CNN) with multiple convolution and pooling operations', 'techniques used': 'Attention mechanism, feature extraction'}",['Deep Learning'],Genomic data,TBA,Yes,"EAT parameters were quantified from chest CT using a deep learning-based method, and their association with COVID-19 pneumonia severity and in-hospital outcomes was evaluated.",{},Not specified
"Perez-Romero, C.; Tonda, A.; Mendoza-Maldonado, L.; Coz, E.; Tabeling, P.; Vanhomwegen, J.; Claassen, E.; Garssen, J.; Kraneveld, A. D.; Lopez-Rincon, A.",2021,"Design of Specific Primer Sets for the Detection of SARS-CoV-2 Variants of Concern B.1.1.7, B.1.351, P.1, B.1.617.2 using Artificial Intelligence",Respiratory Virology,['COVID-19'],"Designing artificial intelligence-based methods for identifying optimal primers for PCR amplification of SARS-CoV-2, B.1.1.7, B.1.617.2, P.1 and P.3 variants.",Identifying optimal primers for PCR amplification of various SARS-CoV-2 variants using artificial intelligence-based methods.,PCR primer design,Evolutionary Algorithm (EA) with Genetic Programming (GP),"{'algorithm': 'Evolutionary Algorithm', 'technique': 'Genetic Programming'}","['Evolutionary Algorithm', 'Genetic Programming']",SARS-CoV-2 genomic sequences,SARS-CoV-2 genomic sequence dataset,Yes,"The performance was measured using a deep CNN based decision fusion model on the dataset, with evaluation criteria including Sensitivity and Specificity.",{},Not specified
"Guo, Q.; Li, M.; Wang, C.; Guo, J.; Jiang, X.; Tan, J.; Wu, S.; Wang, P.; Xiao, T.; Zhou, M.; Fang, Z.; Xiao, Y.; Zhu, H.",2021,Predicting hosts based on early SARS-CoV-2 samples and analyzing later world-wide pandemic in 2020,Zoonotic Virology,['SARS-CoV-2'],Develop a deep learning model for predicting the host range of viruses.,"Identifying the host range of viruses, particularly zoonotic viruses.",Predicting the host range of viruses using deep learning models.,Deep learning-based approach using convolutional neural networks (CNNs) and recurrent neural networks (RNNs).,The model uses a combination of CNNs and RNNs to extract features from genomic data and predict the host range of viruses. The model is trained on a dataset of viral genomes and their corresponding host ranges.,"['Deep Learning', 'Convolutional Neural Networks (CNNs)', 'Recurrent Neural Networks (RNNs)']",Genomic data,GISAID dataset,Yes,Not specified,{},Not specified
"Nagpal, S.; Pal, R.; Ashima,  ; Tyagi, A.; Tripathi, S.; Nagori, A.; Ahmad, S.; Mishra, H. P.; Kutum, R.; Sethi, T.",2022,Genomic Surveillance of COVID-19 Variants with Language Models and Machine Learning,,,,,,,,,,,Yes,The performance was measured using the XceptionNet architecture on the ImageNet dataset.,{},Not specified
"Basu, S.; Campbell, R. H.",2021,Classifying COVID-19 variants based on genetic sequences using deep learning models,Emerging & Re-emerging Viruses,['COVID-19'],Understanding COVID-19 variants based on sequence data,Distinguishing COVID-19 variants using machine learning and deep learning techniques,Predicting COVID-19 variant classification,Deep learning-based approach using convolutional neural networks (CNNs) and recurrent neural networks (RNNs),"Using embedding vector sizes and batch sizes as hyperparameters, k=3 yielded slightly better accuracies compared to k=2 in most cases.","['Convolutional Neural Networks', 'Recurrent Neural Networks']",COVID-19 sequence data,GISAID dataset,Yes,Not specified,{'accuracy': 92.5},The performance was measured using one-vs-all classifiers and multi-class classifier models on genetic sequences of COVID-19 variants.
"Pesaranghader, A.; Pelletier, J.; Grenier, J.-C.; Poujol, R.; Hussin, J.",2022,ImputeCoVNet: 2D ResNet Autoencoder for Imputation of SARS-CoV-2 Sequences,Respiratory Virology,['SARS-CoV-2'],Fast and reliable imputation of SARS-CoV-2 variants,Imputation accuracy comparison between Hamming distance approach and deep learning models,Predictive task in virus sequence analysis,Deep learning-based autoencoder network architecture,"Encoder-decoder structure with non-linear functions, metadata provision for decoder","['Autoencoder', 'Deep Learning']",SARS-CoV-2 variants and metadata,GISAID dataset,Yes,"The development studies used a consecutive enrollment strategy, with 3/8 (38%) being prospective, and reported measures of accuracy for index tests.","{'Imputation Accuracy': 0.95, 'Processing Time': 'almost in real-time'}","The performance was measured by comparing the imputation accuracy of ImputeCoVNet with the Hamming distance approach, using a dataset of SARS-CoV-2 variants."
"Coutinho, G. G. F.; Camara, G. B. M.; Barbosa, R. D. M.; Fernandes, M. A. C.",2021,Deep learning based on stacked sparse autoencoder applied to viral genome classification of SARS-CoV-2 virus,Respiratory Virology,"['SARS-CoV-2', 'Respiratory Viruses']",Developing AI-based approaches for predicting viral outbreaks and identifying potential therapeutic targets.,"Identifying the specific subdomain of virology studied in the paper, which is related to respiratory viruses.",Predicting viral outbreaks and identifying potential therapeutic targets using machine learning algorithms.,Using a combination of machine learning algorithms and deep learning techniques to analyze large datasets and identify patterns.,"Specifically, the researchers used a convolutional neural network (CNN) architecture to analyze genomic data from respiratory viruses.",['Convolutional Neural Network'],Genomic data from respiratory viruses,COVID-19 dataset,Yes,"The performance was measured using a combination of metrics, including accuracy and F1-score, on a dataset of 1000 images.",{},Not specified
"Fan, J.; Chen, C.; Song, C.; Pan, J.; Wu, G.",2021,A multi-class gene classifier for SARS-CoV-2 variants based on convolutional neural network,Respiratory Virology,['COVID-19'],Automated method for SARS-CoV-2 variant classification using Convolutional Neural Networks (CNN),Classification of SARS-CoV-2 variants,Variant classification,Convolutional Neural Network (CNN) based approach,Using CNN to extract features from genomic data and enable robust variant classification,['Convolutional Neural Network'],Genomic data of SARS-CoV-2 variants,SARS-CoV-2 genomic data,Yes,"The performance was measured using the DenseNet architecture, with a total of 36 layers or strata, and compared to other models like InceptionV3 and XceptionNet.","{'Accuracy': 0.9962, 'Loss': 0.954, 'Epochs': 200}","The performance was measured using a convolutional neural network (CNN) on the SARS-CoV-2 genomic data, with training and validation sets used for evaluation."
"Green, A. G.; Yoon, C. H.; Chen, M. L.; Freschi, L.; Gro?schel, M. I.; Kohane, I. S.; Beam, A.; Farhat, M. R.",2021,A convolutional neural network highlights mutations relevant to antimicrobial resistance in Mycobacterium tuberculosis,General Virology,['Tuberculosis'],Developing AI models for predicting resistance to antituberculosis drugs,Identifying genetic variants associated with resistance to antituberculosis drugs,Deep learning-based approach,"Using deep learning techniques, including convolutional neural networks (CNNs) and recurrent neural networks (RNNs)","{'deep_learning': True, 'specific_techniques': ['Convolutional Neural Networks', 'Recurrent Neural Networks'], 'model_architecture': 'Multi-layer perceptron'}","['Deep Learning', 'Neural Network-based Approach']",Genomic sequencing data,TBDR dataset,Yes,"The performance was measured using a retrieval-augmented generation (RAG) model, with the LiViT dataset and evaluation metrics including accuracy and comparison to baseline.",{},Not specified
"Blanchard, A. E.; Gounley, J.; Bhowmik, D.; Chandra Shekar, M.; Lyngaas, I.; Gao, S.; Yin, J.; Tsaris, A.; Wang, F.; Glaser, J.",2021,Language Models for the Prediction of SARS-CoV-2 Inhibitors,Respiratory Virology,['SARS-CoV-2'],Language Models for the Prediction of SARS-CoV-2 Inhibitors,Predicting SARS-CoV-2 inhibitors using language models,SARS-CoV-2 inhibitor prediction,Using pre-trained language models for mutation generation and optimization,"Pre-trained model, genetic algorithm, mutation generation, optimization","['Language Model', 'Genetic Algorithm']","Molecular data (molecules, mutations)",PLpro inhibitors dataset,No,Not specified,{},Not specified
"Kalcsevszki, R.; Horvath, A.; Gyorffy, B.; Pongor, S.; Ligeti, B.",2022,CovidOutcome2: a tool for SARS-CoV2 mutation identification and for disease severity prediction,Respiratory Virology,['SARS-CoV-2'],Investigating the association between SARS-CoV-2 viral mutation signatures and disease outcome using a combination of machine learning and bioinformatics techniques.,Predicting the possible outcome of the disease based on viral mutation signatures,Predicting disease outcomes from viral mutation signatures,Combination of machine learning and bioinformatics techniques,"['Machine learning models', 'Bioinformatics techniques']","['Machine Learning', 'Bioinformatics']",Genomic data,GISAID,Yes,Not specified,{},Not specified
"Gao, A.; Fischer-Jenssen, J.; Slavic, D.; Rutherford, K.; Lippert, S.; Wilson, E.; Chen, S.; Leon-Velarde, C. G.; Martos, P.",2022,Serotyping Salmonella Enteritidis and Typhimurium Using Whole Cell Matrix Assisted Laser Desorption Ionization - Time of Flight Mass Spectrometry (MALDI-TOF MS) through Multivariate Analysis and Artificial Intelligence,General Virology,['Salmonellosis'],Salmonella serotyping using MALDI-TOF mass spectrometry,Improving the accuracy of Salmonella serotyping and subtyping,Salmonella serotyping,Deep learning tools for classification and subtyping,"['Neural network-based approach', 'Forest-based deep learning approach']","['Neural Network', 'Forest']",MALDI-TOF mass spectrometry spectra of Salmonella isolates,Not specified,No,Not specified,{},Not specified
"Knafou, J.; Haas, Q.; Borissov, N.; Counotte, M. J.; Low, N.; Imeri, H.; Ipekci, A. M.; Buitrago-Garcia, D.; Heron, L.; Amini, P.; Teodoro, D.",2023,Ensemble of deep learning language models to support the creation of living systematic reviews for the COVID-19 literature,Emerging & Re-emerging Viruses,['COVID-19'],Developing a machine learning-based approach for annotating and reviewing COVID-19 research studies.,Annotating and reviewing COVID-19 research studies to improve their quality and consistency.,COVID-19 annotation,Machine learning-based approach using deep learning models,"Deep learning models, specifically convolutional neural networks (CNNs) and recurrent neural networks (RNNs), are used for annotating and reviewing COVID-19 research studies.","['Convolutional Neural Networks', 'Recurrent Neural Networks']",COVID-19 research studies,COVIDReview dataset,Yes,"Biclustering analysis was performed using Graphical Clustering Toolkit (gCLUTO 1.0), developed by Professor Matt Rasmussen, Professor Mark Newman and Professor George Karypis from Karypis Lab of Minnesota University.",{},Not specified
"Ahmadi, H.; Nikoofard, V.; Nikoofard, H.; Abdolvahab, R.; Nikoofard, N.; Esmaeilzadeh, M.",2023,Prediction of SARS-CoV-2 spike protein mutations using Sequence-to-Sequence and Transformer models,Respiratory Virology,['SARS-CoV-2'],Predicting mutations in SARS-CoV-2,Identifying potential mutations in SARS-CoV-2 that could affect its transmissibility and virulence,SARS-CoV-2 mutation prediction,Deep learning-based approach using convolutional neural networks (CNNs) and recurrent neural networks (RNNs),"{'models': ['Convolutional Neural Networks', 'Recurrent Neural Networks'], 'techniques': ['Mutation prediction', 'Sequence analysis']}",['Deep learning-based approach'],Genomic sequences of SARS-CoV-2,SARS-CoV-2 genomic sequence dataset,No,Not specified,{},Not specified
"Derbel, H.; Giacoletto, C.; Benjamin, R.; Chen, G.; Schiller, M. R.; Liu, Q.",2023,Accurate prediction of transcriptional activity of single missense variants in HIV Tat with deep learning,General Virology,['Infectious diseases'],Design a deep learning-based method to accurately predict transcriptional activities of experimentally-determined Tat proteins.,Predicting transcriptional activities of Tat proteins with various variants using protein sequences only.,Protein sequence prediction,Deep learning-based approach using protein sequence models,"{'method_type': 'Supervised Learning', 'model_architecture': 'Feed Forward Neural Network (FFNN)', 'techniques_used': ['One-hot encoding', 'Fully connected layers']}",['Deep learning-based approach'],Protein sequences,Not specified,No,Not specified,{'Pearson correlation coefficient': 0.94},The performance was measured using a deep learning-based method that uses protein sequences to accurately predict transcriptional activities of experimentally-determined Tat.
"Choi, S. B.; Kim, J.; Ahn, I.",2019,Forecasting type-specific seasonal influenza after 26 weeks in the United States using influenza activities in other countries,Respiratory Virology,['Influenza'],Predicting influenza surveillance data using machine learning models,Analyzing the relationship between influenza surveillance data and predicting future trends,Influenza prediction,Machine learning-based approach,"{'model_type': 'Auto Regressive Integrated Moving Average (ARIMA)', 'exogenous_variables': ['influenza surveillance data']}",['ARIMA'],Influenza surveillance data,Fluview database and FluNet database,Yes,"The performance was measured using a testing dataset, with evaluation criteria including accuracy, sensitivity, specificity, precision, and F1-score.",{},Not specified
"Xu, J.; Xu, K.; Li, Z.; Tu, T.; Xu, L.; Liu, Q.",2019,Developing a dengue forecast model using Long Short Term Memory neural networks method,General Virology,"['Influenza-like illnesses', 'Respiratory viruses', 'Other infectious diseases']",Predicting infectious diseases,Develop a more efficient technique for predicting infectious diseases using machine learning models,Infectious disease prediction,Machine learning-based approach,Using a combination of historical data and real-time surveillance data to train machine learning models,['Machine Learning'],Historical and real-time infectious disease surveillance data,Delos Living LLC and Cyrus Tang Foundation dataset,Yes,The predictive abilities of different machine learning methods were compared using five-fold cross validation and 24 training and test set combinations.,{'RMSE': 12.5},"The performance was measured using RMSE, with datasets from multiple years and evaluation criteria based on statistical analysis of multiyear time series."
"Wang, S.; Sun, Q.; Xu, Y.; Pei, J.; Lai, L.",2020,A Transferable Deep Learning Approach to Fast Screen Potent Antiviral Drugs against SARS-CoV-2,Respiratory Virology,['SARS-CoV-2'],Developing a deep learning model for predicting the activity of inhibitors against SARS-CoV-2 protease,Identifying effective inhibitors against SARS-CoV-2 protease to combat COVID-19,Predicting inhibitor activity against SARS-CoV-2 protease,Deep learning-based approach using a convolutional neural network (CNN) and transfer learning,"{'model': 'Convolutional Neural Network (CNN)', 'transfer_learning': 'Using pre-trained model for feature extraction'}","['Deep Learning', 'Transfer Learning']",Protein-ligand interaction data,Unknown,Yes,"The performance was measured using accuracy, with a value of 0.95 as reported.",{},Not specified
"Gao, P.; Xu, M.; Zhang, Q.; Chen, C.; Guo, H.; Ye, Y.; Zheng, W.; Shen, M.",2021,A Graph Convolutional Network-based screening strategy for rapid identification of SARS-CoV-2 cell-entry inhibitors,Respiratory Virology,['SARS-CoV-2'],Develop a machine learning-based virtual screening platform for identifying SARS-CoV-2 entry inhibitors.,Identifying new compounds with high probability of showing anti-SARS-CoV-2 activity using machine learning-based virtual screening.,Virtual screening,Graph Convolutional Network (GCN) model,The GCN model is trained on structural information from previously identified SARS-CoV-2 entry inhibitors to predict the likelihood of a compound inhibiting viral entry.,['Graph Convolutional Network'],Structural information from SARS-CoV-2 entry inhibitors,Not specified,Yes,"The performance was measured using the CrowdTangle API, with a dataset of COVID-19 tweets and a evaluation criterion of accuracy.",{},Not specified
"Issac, D.; Cohen, S.; Hershcovitch, M.; Taraz, M.; Kissig, O.; Waddington, D.; Chin, P.; Friedrich, T.",2022,Improved And Optimized Drug Repurposing For The SARS-CoV-2 Pandemic,General Virology,['COVID-19'],Improving drug repurposing using graph neural networks,Addressing the challenge of finding promising candidates for drug repurposing by hand,Drug repurposing,Graph neural networks and aggregation techniques,"{'graph_neural_networks': 'Used for graph-based representation learning', 'aggregation_techniques': 'Proposed aggregation technique yielding better results'}","['Graph Neural Networks', 'Aggregation Techniques']",Large datasets,DR-COVID,Yes,"The performance was measured using a multi-center dataset, with the deep learning model, radiomics model, and hybrid model compared to a clinical non-imaging model. The evaluation criteria included accuracy, robustness, and risk stratification ability.","{'Strategy processing times': 192, 'Total time for processing the two strategies': 192}","The performance was measured using memory mapping and Optane-PM. The experiments were run on a dual CPU architecture with NUMA boundaries, which induced additional latency after 192GB of DRAM allocated to a single socket."
Brian Hie; Ellen Zhong; Bonnie Berger; Bryan Bryson,2020,Learning the language of viral evolution and escape,Respiratory Virology,"['Influenza', 'COVID-19']",Developing a new analytic strategy for viral evolution using language models,Understanding how viral language models can be used to predict escape mutations and identify regions of protein structure relevant to viral evolution,Predicting escape mutations in influenza viruses,Using continuous embeddings of antigenic semantics to analyze viral evolution,"Continuous embeddings of antigenic semantics, CSCS (Combining Grammatical and Semantic Change) approach",['CSCS'],Protein sequences and structural data,Not specified,Yes,"The performance was measured using the Summit supercomputer, with a focus on scaling and efficiency for molecular simulations.",{},Not specified
"Teodoro, D.; Ferdowsi, S.; Borissov, N.; Kashani, E.; Vicente Alvarez, D.; Copara, J.; Gouareb, R.; Naderi, N.; Amini, P.",2021,Information retrieval in an infodemic: the case of COVID-19 publications,Respiratory Virology,['COVID-19'],Improving information retrieval of scientific publications targeted to the case of an infodemic,Addressing the challenges of information overload and disinformation during an infodemic,Neural network-based information retrieval methods,Combining traditional index-based methods with modern NLP-based neural network models,Using pre-trained language models and fine-tuning them on a specific dataset for scientific publications,"['Traditional Index-Based Methods', 'NLP-Based Neural Network Models']",Scientific publications,TREC-COVID Challenge Dataset,Yes,"The performance was measured using receiver operating characteristic (ROC) curves and Fleiss' kappa coefficient for inter-reader agreement, with a multi-center study involving patients with available chest CT scans as the reference standard.","{'P@20': 0.4, 'Mentioned but not provided': 'Median score'}","The performance was measured using the P@20 metric, with a median score of 0.4 as reported in the TREC-COVID challenge results."
"Han, Y.; Lee, A.",2021,Predicting SARS-CoV-2 epitope-specific TCR recognition using pre-trained protein embeddings,Emerging & Re-emerging Viruses,['SARS-CoV-2'],Develop a reliable data-driven model for predicting immunogenic T cell epitopes using limited training data.,Predicting immunogenic changes in T-cell epitopes derived from SARS-CoV-2 mutations,Immunogenomics and Epitope Prediction,Deep learning-based approach using BERT (Bidirectional Encoder Representations from Transformers),"The authors used a custom-built framework to integrate sequence data related to interactions between TCRa chains and MHC molecules, as well as epitope sequences.","['Deep Learning', 'Transformers']","Epitope sequences, TCRa chain sequences, MHC molecule sequences",SARS-CoV-2 mutation dataset,Yes,Not specified,{},Not specified
"Beguir, K.; Skwark, M. J.; Fu, Y.; Pierrot, T.; Lopez Carranza, S. N.; Laterre, A.; Kadri, I.; Korched, A.; Lowegard, A. U.; Lui, B. G.; Sanger, B.; Liu, Y.; Poran, A.; Muik, A.; Sahin, U.",2022,Early Computational Detection of Potential High Risk SARS-CoV-2 Variants,Respiratory Virology,['SARS-CoV-2'],Developing a system for early warning of severe acute respiratory syndrome (SARS) and other infectious diseases,Identifying novel variants of SARS-CoV-2 that may cause severe disease,Predicting the severity of COVID-19 based on genetic mutations in viral genomes,Using machine learning algorithms to analyze genomic data and predict disease severity,"Transformer models, Generalised Linear Model (GLM), UMAP (Uniform Manifold Approximation and Projection)","['Transformer', 'Generalised Linear Model']",Genomic sequences of SARS-CoV-2,Not specified,Yes,"The performance was measured using accuracy and F1-score on the COVIDMortality dataset, with a 5-fold cross-validation.",{},Not specified
"Petousis, P.; Stylianou, V.",2022,A Big Data COVID-19 literature pattern discovery using NLP,General Virology,['COVID-19'],finding insights in large volumes of research datasets,dealing with abbreviations and contextualizing identified patterns,automated topic modeling with a pretrained BERT encoder for insight generation,combination of topic modeling and a pretrained BERT encoder,"using expert-defined keywords, creating a pipeline, and reviewing the article","['Topic Modeling', 'BERT Encoder']",large volumes of research datasets,not specified,Yes,Not specified,,Not specified
"Zvyagin, M. T.; Brace, A.; Hippe, K.; Deng, Y.; Zhang, B.; Orozco Bohorquez, C.; Clyde, A.; Kale, B.; Perez-Rivera, D.; Ma, H.; Mann, C. M.; Irvin, M.; Pauloski, J. G.; Ward, L.; Hayot, V.; Emani, M.; Foreman, S.; Xie, Z.; Lin, D.; Shukla, M.; Nie, W.; Romero, J.; Dallago, C.; Vahdat, A.; Xiao, C.; Gibbs, T.; Foster, I.; Davis, J. J.; Papka, M. E.; Brettin, T.; Anandkumar, A.; Vishwanath, V.; Ramanathan, A.",2022,GenSLMs: Genome-scale language models reveal SARS-CoV-2 evolutionary dynamics.,Respiratory Virology,['COVID-19'],Developing a generative model for predicting immune escape variants of SARS-CoV-2,Addressing the challenge of predicting immune escape variants of SARS-CoV-2,Generative Model,Generative Adversarial Network (GAN) and Variational Autoencoder (VAE),"{'Generative Adversarial Network (GAN)': 'Used for generating synthetic data to train the model', 'Variational Autoencoder (VAE)': 'Used for learning a probabilistic representation of the data'}","['Generative Adversarial Network', 'Variational Autoencoder']",Genomic sequence data of SARS-CoV-2,SARS-CoV-2 genomic sequence dataset,Yes,Not specified,{},Not specified
"Chen, J.; Nie, Z.; Wang, Y.; Wang, K.; Xu, F.; Hu, Z.; Zheng, B.; Wang, Z.; Song, G.; Zhang, J.; Fu, J.; Huang, X.; Wang, Z.; Ren, Z.; Wang, Q.; Li, D.; Wei, D.; Zhou, B.; Yang, C.; Tian, Y.; Gao, W.",2023,Running ahead of evolution - AI based simulation for predicting future high-risk SARS-CoV-2 variants,Emerging & Re-emerging Viruses,['SARS-CoV-2'],Simulate the viral mutation process and rapidly identify potential VOCs of SARS-CoV-2,Identify potential VOCs of SARS-CoV-2 through AI-powered simulation,De-novo generation and transmission of viral mutations,State-of-the-art AI technology combined with cutting-edge HPC hardware,AI-based approach using Pengcheng Cloudbrain-II,"['Deep learning', 'HPC']",Raw genomic data of SARS-CoV-2,Pengcheng Cloudbrain-II dataset,Yes,"The performance was measured using RMSE and MAE metrics, with a dataset of Google flu-related searches in Hong Kong, offline influenza data, and exogenous meteorological information.",{'Mentioned but not provided': 'every single base mutation is being generated de-novo and transmitted to a new host every day'},Not specified
"Kang, Y.; Jiao, Y.; Jin, K.; Pan, L.",2023,"AI-Designed, Mutation-Resistant Broad Neutralizing Antibodies Against Multiple SARS-CoV-2 Strains",Respiratory Virology,['SARS-CoV-2'],Designing therapeutic antibodies for neutralizing emerging viral diseases,Addressing the challenge of rapidly evolving pathogenic viruses and developing effective therapeutic antibodies,Antibody design and optimization using AI,Machine learning-based approach for antibody design and optimization,"{'method_type': 'Deep learning', 'specific_techniques': ['Generative Adversarial Networks (GANs)', 'Recurrent Neural Networks (RNNs)']}",['Deep learning'],Protein sequences and binding affinity data,Not specified,Yes,Not specified,{},Not specified
"Odlum, M.; Yoon, S.",2017,Health Information Needs and Health Seeking Behavior during the 2014-2016 Ebola Outbreak: A Twitter Content Analysis,,,,,,,,,,,Yes,"The performance was measured using the AUROC metric, with a dataset of CR images from COVID-19 patients and radiology reports. The evaluation criteria used were sensitivity and specificity.",{},Not specified
"Jelodar, H.; Wang, Y.; Orji, R.; Huang, H.",2020,Deep Sentiment Classification and Topic Discovery on Novel Coronavirus or COVID-19 Online Discussions: NLP Using LSTM Recurrent Neural Network Approach,Emerging & Re-emerging Viruses,['COVID-19'],"To show a novel application for NLP based on an LSTM model to detect meaningful latent-topics and sentiment-comment-classification on COVID-19-related issues from healthcare forums, such as sub-reddits.",Analyzing the association between COVID-19 comments' sentiment and semantic topics on reddit.,Sentiment level classification,Natural Language Processing (NLP) based approach using Long Short-Term Memory (LSTM) model,"Specific techniques: LSTM architecture, models: LSTM-based sentiment analysis",['LSTM-based Sentiment Analysis'],Public comments on reddit forums related to COVID-19,COVID-19-related issues from healthcare forums (sub-reddits),Yes,"EAT parameters were quantified from chest CT using a deep learning-based method, and their association with COVID-19 pneumonia severity and in-hospital outcomes was evaluated.",{'Accuracy': 0.85},"The performance was measured using an LSTM model on COVID-19-related comments from healthcare forums, such as sub-reddits."
"Koksal, A.; Donmez, H.; Ozcelik, R.; Ozkirimli, E.; Ozgur, A.",2020,Vapur: A Search Engine to Find Related Protein - Compound Pairs in COVID-19 Literature,Emerging & Re-emerging Viruses,"['COVID-19', 'SARS-CoV-2']",Development of a domain-specific scientific search engine for biomedical research,Identifying relations between entities in biomedical text data,Named Entity Recognition (NER) and Information Retrieval (IR),Use of deep learning models for NER and IR tasks,"{'Model Architecture': 'Transformer-based architecture', 'Techniques/Features': 'Entity normalization, text embedding, and attention mechanisms'}","['Deep Learning', 'Named Entity Recognition']","Biomedical text data (e.g., scientific articles, research papers)",CORD-19 dataset,Yes,The performance was measured using the XceptionNet architecture on the ImageNet dataset.,{},Not specified
"Tyagin, I.; Kulshrestha, A.; Sybrandt, J.; Matta, K.; Shtutman, M.; Safro, I.",2021,Accelerating COVID-19 research with graph mining and transformer-based learning,Emerging & Re-emerging Viruses,['SARS-CoV-2'],To develop graph mining transformer-based models for micro- and macroscopic scales of queries to help domain experts solve high-priority research problems and accelerate scientific discovery.,The vastness of COVID-19 literature spurned the need for having systems that could allow researchers and base users alike to get their COVID-19 queries answered.,Graph mining transformer-based models,Graph mining transformer-based approach,"['Transformer-based model', 'Graph mining']","['Graph Mining', 'Transformer-Based Model']","COVID-19 focused dataset, composed of recently published concept pairs",AGATHA-C and AGATHA-GP datasets,Yes,Not specified,{},Not specified
"Papageorgiou, L.; Papakonstantinou, E.; Diakou, I.; Pierouli, K.; Dragoumani, K.; Bacopoulou, F.; Chrousos, G. P.; Eliopoulos, E.; Vlachakis, D.",2022,Semantic and population analysis of the genetic targets related to COVID-19 and its association with genes and diseases,Emerging & Re-emerging Viruses,['COVID-19'],Identify key genetic targets for potential exploration in studied population groups,"To gain insight into key genetic targets for effective, safe and targeted COVID-19 therapeutics",Natural Language Processing (NLP) and Machine Learning (ML),AI-based approach used is Natural Language Processing (NLP) and Machine Learning (ML) to analyze the raw input data.,"{'techniques': ['Text Analysis', 'Machine Learning'], 'architectures/models': ['Deep Learning Models']}","['Natural Language Processing', 'Machine Learning']",Genomic data from the 1000 Genomes Project,1000 Genomes Project,Yes,"The performance was measured using the DenseNet architecture, with a total of 36 layers or strata, and compared to other models like InceptionV3 and XceptionNet.",{},Not specified
"Kafkas, S.; Hoehndorf, R.",2018,Ontology based mining of pathogen-disease associations from literature,General Virology,['COVID-19'],Identify infectious diseases from unstructured clinical notes,Extracting and annotating infectious disease mentions from large-scale clinical text data,Named Entity Recognition (NER) for identifying infectious diseases,Using Normalized Point-wise Mutual Information (NPMI) for NER,Utilizing a machine learning approach to identify disease mentions in unstructured clinical text data,['Normalized Point-wise Mutual Information (NPMI)'],Clinical notes and medical literature,PADIM dataset,Yes,"The performance was measured using a retrieval-augmented generation (RAG) model, with the LiViT dataset and evaluation metrics including accuracy and comparison to baseline.",{},Not specified
"Wollenberg Valero, K. C.; Isokpehi, R.; Douglas, N. E.; Sivasundaram, S.; Johnson, B.; Wootson, K.; Mcgill, A.",2017,Plant phenology supports the multi-emergence hypothesis for Ebola spillover events,,,,,,,,,,,Yes,Not specified,{},Not specified
"Zhao, N.; Charland, K.; Carabali, M.; Nsoesie, E.; Maher-Giroux, M.; Rees, E.; Yuan, M.; Garcia Balaguera, C.; Jaramillo Ramirez, G.; Zinszer, K.",2020,Machine learning and dengue forecasting: Comparing random forests and artificial neural networks for predicting dengue burdens at the national sub-national scale in Colombia,General Virology,['Dengue fever'],Developing a predictive model for dengue fever using machine learning techniques.,Predicting dengue fever outbreaks based on environmental and socio-economic factors.,Disease forecasting,Machine learning-based approach,"{'method': 'Random Forest (RF)', 'architecture': 'Ensemble model'}",['Random Forest'],Environmental and socio-economic data,Not specified,No,Not specified,{},Not specified
"Milali, M. P.; Kiware, S. S.; Govella, N. J.; Okumu, F.; Bansal, N.; Bozdag, S.; Charlwood, J. D.; Maia, M. F.; Ogoma, S. B.; Dowell, F. E.; Corliss, G. F.; Sikulu-Lord, M. T.; Povinelli, R. J.",2020,An Autoencoder and Artificial Neural Network-based Method to Estimate Parity Status of Wild Mosquitoes from Near-infrared Spectra,,[],Estimating the parity status of wild mosquitoes using near-infrared spectroscopy,Developing a non-invasive method for estimating the parity status of wild mosquitoes,Artificial Neural Networks (ANN) and Autoencoders,Using ANN to classify NIRS spectra into parous or nulliparous categories,"{'techniques': ['Deep Learning', 'Neural Network Architecture'], 'architectures': ['Autoencoder', 'Convolutional Neural Network (CNN)']}","['Artificial Neural Networks', 'Autoencoders']",Near-Infrared Spectroscopy (NIRS) spectra of mosquitoes,"['Burkina-GA dataset', 'Minepa-ARA dataset', 'Muleba-GA dataset']",Yes,"The performance was measured using a combination of human annotators and machine learning classifiers, with evaluation criteria including precision, recall, and F1-score.",{},Not specified
"Venkatakrishnan, A.; Puranik, A.; Anand, A.; Zemmour, D.; Yao, X.; Wu, X.; Chilaka, R.; Murakowski, D. K.; Standish, K.; Raghunathan, B.; Wagner, T.; Garcia-Rivera, E.; Solomon, H.; Garg, A.; Barve, R.; Anyanwu-Ofili, A.; Khan, N.; Soundararajan, V.",2020,Knowledge synthesis from 100 million biomedical documents augments the deep expression profiling of coronavirus receptors,Respiratory Virology,['COVID-19'],To investigate the expression of coronavirus receptors in different tissues and their correlation with enterocyte maturation.,The study aims to identify the specific genes involved in the expression of coronavirus receptors and their relationship with enterocyte maturation.,Gene expression analysis using machine learning techniques,Machine learning-based approach for gene expression analysis,"{'techniques': ['cosine distance calculation', 'gene expression vector construction'], 'architectures/models': ['None specified']}",['Machine Learning'],Single-cell RNA sequencing data,Murine small intestine scRNA-seq dataset,Yes,"Biclustering analysis was performed using Graphical Clustering Toolkit (gCLUTO 1.0), developed by Professor Matt Rasmussen, Professor Mark Newman and Professor George Karypis from Karypis Lab of Minnesota University.",{},Not specified
"Wang, Y.; Yadav, P.; Magar, R.; Barati Farimani, A.",2020,Bio-informed Protein Sequence Generation for Multi-class Virus Mutation Prediction,General Virology,['SARS-CoV-2'],Develop a multi-class protein sequence generative model for predicting virus mutations.,Predicting virus mutations by generating valid viral epitope protein sequences.,Protein sequence generation,Graphical featurization and encoder-decoder architecture,"{'model': 'ProteinSeqGAN', 'techniques': ['graphical featurization', 'encoder-decoder architecture'], 'architectures': ['GProAE']}",['Generative Model'],Protein sequences,Not specified,No,Not specified,"{'Bioinformatics': 1, 'Statistics': 1}","The performance was measured using a multi-class protein sequence generative model, ProteinSeqGAN, which consists of a conditional generator and the GProAE. The model evaluates the goodness of protein sequences and predicts the corresponding viral species."
"Yin, R.; Thwin, N. N.; Zhuang, P.; Zhang, Y.; Lin, Z.; Kwoh, C. K.",2020,IAV-CNN: a 2D convolutional neural network model to predict antigenic variants of influenza A virus,Respiratory Virology,['Influenza A virus'],Predicting influenza antigenicity using machine learning techniques,Develop a reliable tool for predicting influenza antigenicity from amino acid sequences,Antigenicity prediction,Applying machine learning techniques to extract features from amino acid sequences and predict antigenicity,"{'method': '2D CNN architecture with squeeze-and-excitation mechanisms', 'techniques': ['ProtVec', 'Squeeze-and-Excitation']}","['Convolutional Neural Network (CNN)', 'Squeeze-and-Excitation Mechanism']",Amino acid sequences of influenza A viruses,Three different influenza datasets,No,Not specified,{},Not specified
"Yin, R.; Luo, Z.; Zhuang, P.; Lin, Z.; Kwoh, C. K.",2020,VirPreNet: A weighted ensemble convolutional neural network for the virulence prediction of influenza A virus using all 8 segments,Respiratory Virology,['Influenza A virus'],Propose a general weighted ensemble CNN framework named VirPreNet on virulence prediction of influenza A viruses using all 8 segments.,Addressing the specific research problem of predicting the virulence level of influenza strains based on their genome sequences.,Influenza virus classification and prediction,Weighted ensemble CNN framework for multi-segment analysis,"{'model_name': 'ResNeXt', 'architecture': 'Convolutional Neural Network (CNN)', 'techniques': ['ensemble', 'weighted average']}",['Weighted Ensemble'],Genome sequences of influenza A viruses,Influenza dataset,No,Not specified,{},Not specified
"Prescott, L.",2020,SARS-CoV-2 3CLpro Whole Human Proteome Cleavage Prediction and Enrichment/Depletion Analysis,Respiratory Virology,"['COVID-19', 'SARS-CoV-2']",Predicting therapeutic targets for SARS-CoV-2 protease,Understanding the structure and function of SARS-CoV-2 protease to identify potential therapeutic targets,Protein sequence analysis and prediction,Deep learning-based approach using convolutional neural networks (CNNs) and recurrent neural networks (RNNs),"{'techniques': ['sequence alignment', 'deep learning'], 'architectures': ['CNNs', 'RNNs']}","['Deep Learning', 'Convolutional Neural Networks', 'Recurrent Neural Networks']",Protein sequences,SARS-CoV-2 protease dataset,No,Not specified,{},Not specified
"Hou, Y.; Ding, Y.; Nie, H.; Ji, H.-L.",2021,Fibrinolysis influences SARS-CoV-2 infection in ciliated cells,Respiratory Virology,['COVID-19'],To investigate the effects of COVID-19 on respiratory epithelial cells and identify differentially expressed genes.,Understanding the impact of SARS-CoV-2 on respiratory epithelial cells and identifying potential biomarkers for diagnosis and treatment.,Bioinformatics analysis,Machine learning-based approach using bioinformatics tools,"Used bioinformatics tools to analyze high-throughput sequencing data, identify differentially expressed genes, and perform gene ontology enrichment analysis.",['Bioinformatics Analysis'],High-throughput sequencing data,GSE147507,Yes,"The performance was measured using a testing dataset, with evaluation criteria including accuracy, sensitivity, specificity, precision, and F1-score.",{},Not specified
"Prescott, L.",2021,SARS-CoV-2 PLpro whole human proteome cleavage prediction and enrichment/depletion analysis,Respiratory Virology,"['COVID-19', 'SARS-CoV-2']",Investigating the cleavage mechanisms of PLpro and its substrates,Understanding the ubiquitination effects of coronaviruses on host pathways,Predicting cleavage sites of PLpro and other E3 ubiquitin ligases,Deep learning-based approach using machine learning models,"{'model_type': 'Neural Network', 'architecture': 'Convolutional Neural Network (CNN)', 'training_data': 'Large-scale protein sequence datasets'}","['Deep Learning', 'Machine Learning']",Protein sequences,PLpro cleavage dataset,Yes,The predictive abilities of different machine learning methods were compared using five-fold cross validation and 24 training and test set combinations.,{},Not specified
"Huang, Q. Y.; Song, K.; Xu, C.; Bolon, D.; Wang, J. P.; Finberg, R. W.; Schiffer, C. A.; Somasundaran, M.",2021,Quantitative Structural Analysis of Influenza Virus by Cryo-electron Tomography and Convolutional Neural Networks,Respiratory Virology,"['Influenza', 'Influenza A virus']",To determine the structure of the H1 trimer from Influenza A virus,Understanding the structure and dynamics of Influenza A virus,Image processing and analysis using AI techniques,Deep learning-based image processing and segmentation,"{'techniques': ['Convolutional Neural Networks (CNNs)', 'U-Net architecture'], 'architectures': ['3D U-Net for tomogram segmentation', 'Rigid body fitting using Phenix software']}",['Deep learning-based image processing and segmentation'],Tomographic images of Influenza A virus,Influenza A virus dataset,Yes,"The performance was measured using a standard dataset of chest CT images from patients diagnosed with COVID-19 pneumonia, and the results were compared to those obtained by experienced radiologists.",{},Not specified
"Wang, E.; Chakraborty, A. K.",2022,Design of immunogens for eliciting antibody responses that may protect against SARS-CoV-2 variants,Respiratory Virology,['SARS-CoV-2'],Developing a specific cocktail of variant antigens as an immunogen for protection against variants of SARS-CoV-2 that may emerge in the future.,Addressing the challenge of protecting against emerging variants of SARS-CoV-2,Immunogen design and optimization using AI-based approaches,Using machine learning techniques to predict optimal antigen combinations for immunization,"['Machine learning algorithms', 'Antigen design and optimization']","['Machine Learning', 'Antigen Design']",Protein sequences and structural data of SARS-CoV-2 variants,Not specified,Yes,"The performance was measured using accuracy, with a value of 0.95 as reported.",{},Not specified
"Shishir, T. A.; Jannat, T.; Naser, I. B.",2022,"An in-silico study of the mutation-associated effects on the spike protein of SARS-CoV-2, Omicron variant",Respiratory Virology,['COVID-19'],Understanding the impact of the D614G mutation on SARS-CoV-2 spike protein density and infectivity,Investigating the effects of the D614G mutation on SARS-CoV-2 replication and transmission,Protein structure alignment,Using TM-align algorithm to align protein structures,"{'algorithm': 'TM-align', 'architecture': 'None specified'}",['TM-align'],Protein sequences and structures,SARS-CoV-2 spike protein sequence data,Yes,"The performance was measured using the CrowdTangle API, with a dataset of COVID-19 tweets and a evaluation criterion of accuracy.",{},Not specified
"Kumar, A.",2022,Model evolution in SARS-CoV-2 spike protein sequences using a generative neural network,Respiratory Virology,['SARS-CoV-2'],Artificially create spike protein sequences that have not yet been evolved,Developing a general algorithm for generating artificial spike protein sequences based on existing sequences,Protein sequence generation,Deep learning-based approach using AlphaFold,AlphaFold model is used to generate new protein sequences based on input sequences from clades 20A and 20B,['AlphaFold'],Protein sequence data,GISAID dataset,Yes,"The performance was measured using a multi-center dataset, with the deep learning model, radiomics model, and hybrid model compared to a clinical non-imaging model. The evaluation criteria included accuracy, robustness, and risk stratification ability.",{'person correlation': 0.7},"The resemblance of distribution between ground truth sequences and generated sequences was measured using person correlation, with a value of 0.7."
"Ge, R.; Xia, Y.; Jiang, M.; Jia, G.; Jing, X.; Li, Y.; Cai, Y.",2022,HybAVPnet: a novel hybrid network architecture for antiviral peptides identification,General Virology,"['Infectious diseases', 'Antiviral diseases']",Identify antiviral peptides (AVPs) using a novel hybrid network tool,Develop computational models for quickly and accurately identifying AVPs,Predicting antiviral peptides,Hybrid approach combining traditional machine learning models and deep learning models,"['LightGBM', 'Neural Network 1', 'Neural Network 2', 'HybAVPnet']","['Deep Learning', 'Traditional Machine Learning']",Amino acid sequences,Not specified,Yes,"The performance was measured using the Summit supercomputer, with a focus on scaling and efficiency for molecular simulations.",{},Not specified
"Avila Cartes, J.; Anand, S.; Ciccolella, S.; Bonizzoni, P.; Della Vedova, G.",2022,Accurate and Fast Clade Assignment via Deep Learning and Frequency Chaos Game Representation,General Virology,['COVID-19'],Analyzing the impact of each element of the FCGR in our prediction,Identifying the most relevant k-mers for the classification of each clade,Classification,Feature importance methods (Saliency Maps and Shap Values),"['Saliency Maps calculate the gradient of the loss function for a specific desired class with respect to the input (FCGR) elements', 'Shap Values is a game theoretic approach to explain the output of any machine learning model']","['Saliency Maps', 'Shap Values']",Feature-Componentized Genome Representation (FCGR),Not specified,,,{},Not specified
"Tsukiyama, S.; Kurata, H.",2022,Cross-attention PHV: Prediction of human and virus protein-protein interactions using cross-attention-based neural networks,General Virology,['SARS-CoV-2'],Developing a novel AI-based approach for predicting protein-protein interactions and identifying virus infection-related proteins.,Predicting protein-protein interactions and identifying virus infection-related proteins using word2vec-generated feature matrices and cross-attention mechanisms.,Protein-Protein Interaction Prediction,Cross-Attention Mechanism with Word2Vec-Generated Feature Matrices,"{'AI Technique': 'Word2Vec', 'Model Architecture': 'Cross-Attention Mechanism'}",['Cross-Attention Mechanism'],Protein sequences and protein-protein interaction data,Denovo's benchmark dataset,,,{},Not specified
"Kumar, A.; Cuccuru, G.; Gruening, B.; Backofen, R.",2022,An accessible infrastructure for artificial intelligence using a docker-based Jupyterlab in Galaxy,General Virology,[],Developing a GPU-enabled Jupyter Notebook for remote training of machine learning models,"Addressing the need for convenient and scalable computing infrastructure for data science, machine learning, and deep learning projects",Remote training of machine learning models using GPU-enabled Jupyter Notebooks,Using a GPU-enabled Docker container with JupyterLab for remote training of machine learning models,Utilizing Git integration and Elyra AI for creating pipelines of notebooks to be executed as one unit of software,"['GPU-enabled Docker container', 'JupyterLab']",Medical images and genomic data,Not specified,,,"{'GPU usage time': 10, 'Jupyterlab notebook execution time': 5}","The performance was measured using a combination of GPU usage time and Jupyterlab notebook execution time, with datasets from Galaxy Europe and evaluation criteria based on user feedback."
"Solanki, A.; Cornette, J.; Udell, J.; Vasmatzis, G.; Riedel, M.",2022,Evasive spike variants elucidate the preservation of T cell immune response to the SARS-CoV-2 omicron variant,Respiratory Virology,['COVID-19'],To analyze the immunogenicity of SARS-CoV-2 spike proteins using machine learning and deep learning techniques.,Understanding the immune response to SARS-CoV-2 spike proteins,Deep learning-based analysis of protein sequences,Machine learning and deep learning techniques for protein sequence analysis,"{'techniques': ['sequence alignment', 'deep learning models'], 'architectures': ['Convolutional Neural Networks (CNNs)']}",['Deep Learning'],Protein sequences,SARS-CoV-2 spike protein dataset,,,{},Not specified
"Gonzalez-Isunza, G.; Jawaid, M.- Z.; Liu, P.; Cox, D. L.; Vazquez, M.; Arsuaga, J.",2022,Using machine learning to detect coronaviruses potentially infectious to humans,Respiratory Virology,['COVID-19'],To investigate the binding properties of SARS-CoV-2 using molecular dynamics simulations and machine learning-based analysis.,Understanding the binding properties of SARS-CoV-2 to host proteins,Machine learning-based analysis of molecular dynamics simulations,Using machine learning algorithms to analyze molecular dynamics simulation data,"Specific techniques: molecular dynamics simulations, machine learning algorithms (e.g. H-BiP package), architectures/models: not specified",['Machine Learning'],Molecular dynamics simulation data,SARS-CoV-2 dataset,,,{},Not specified
"Akhtar, M.; Kraemer, M. U.; Gardner, L.",2019,A dynamic neural network model for predicting risk of Zika in real-time,General Virology,['Zika virus'],Developing a predictive model for Zika virus transmission,Predicting Zika virus transmission and identifying risk factors,Nonlinear autoregressive models with exogenous inputs (NARX),Multilayer perceptron (MLP) neural network,"Using vector distribution data to train the model, incorporating features such as GDP, IATA, and CDC data","['Nonlinear autoregressive models with exogenous inputs (NARX)', 'Multilayer perceptron (MLP)']",Vector distribution data,Zika virus transmission dataset,,,{},Not specified
"Chakraborty, T.; Chattopadhyay, S.; Ghosh, I.",2018,Forecasting dengue epidemics using a hybrid methodology,General Virology,['Dengue fever'],To propose a hybrid ARIMA-NNAR model for predicting dengue epidemics.,Predicting dengue epidemics with high accuracy.,Disease forecasting,Hybrid approach combining ARIMA and NNAR models,"{'ARIMA': 'Autoregressive Integrated Moving Average model for linear trend analysis', 'NNAR': 'Neural Network-based approach for non-linear trend analysis'}",['Hybrid Approach'],Time series data,Dengue epidemic dataset,,,{},Not specified
"Kieft, K.; Zhou, Z.; Anantharaman, K.",2019,"VIBRANT: Automated recovery, annotation and curation of microbial viruses, and evaluation of virome function from genomic sequences",General Virology,"[""Crohn's Disease""]",Predicting antimicrobial resistance genes in bacteria,Identifying antimicrobial resistance genes in bacteria using machine learning and genomics data,Antimicrobial Resistance Gene Prediction,Machine Learning-based approach,"{'Method': 'Neural Network-based classifier', 'Techniques': ['Deep Learning', 'Genomic Data Analysis'], 'Architectures': ['Convolutional Neural Networks (CNNs)']}",['Machine Learning'],"{'Data Type': 'Genomics data', 'Data Format': 'Sequence reads from bacterial genomes'}",Crohn's Disease discovery dataset,,,{},Not specified
